process,pod_name,node,start_time,end_time,duration_sec
"FUNCOTATOR","nf-0154706c66e36d3e33a5cf660f334d02-a3cee","spencer-trinh-asus-zenbook-14-ux3405ma-q415ma","2025-12-27T04:59:43Z","2025-12-27T04:59:49Z",6
"GATHER_COHORT_VCFS","nf-01aeb6e5fc6f3c2f756028caedf23204-2ea74","spencer-trinh-asus-zenbook-14-ux3405ma-q415ma","2025-12-27T04:32:33Z","2025-12-27T04:32:38Z",5
"HARD_FILTER","nf-03474b169e083a1a1ff45ff32d9f193d-52b1c","spencer-trinh-asus-zenbook-14-ux3405ma-q415ma","2025-12-27T04:42:28Z","2025-12-27T04:42:42Z",14
"GENOMICSDB_IMPORT","nf-03b24f28a92e6e6fc47c97cc80eb67eb-a1d5d","spencer-trinh-asus-zenbook-14-ux3405ma-q415ma","2025-12-27T04:23:18Z","2025-12-27T04:23:22Z",4
"GENOTYPE_GVCFS","nf-04fc877aee4ebfead5822e0647474324-9d6e4","spencer-trinh-asus-zenbook-14-ux3405ma-q415ma","2025-12-27T04:27:23Z","2025-12-27T04:27:27Z",4
"FUNCOTATOR","nf-05133be6a3026f3305148c7d72cafb46-28232","spencer-trinh-asus-zenbook-14-ux3405ma-q415ma","2025-12-27T04:58:43Z","2025-12-27T04:58:49Z",6
"HARD_FILTER","nf-054d8cb1f324ae66ca7bfade4f218cc6-d80c9","spencer-trinh-asus-zenbook-14-ux3405ma-q415ma","2025-12-27T04:45:03Z","2025-12-27T04:45:17Z",14
"FUNCOTATOR","nf-05937869c7946dd5e681d68b1153079b-58e0b","spencer-trinh-asus-zenbook-14-ux3405ma-q415ma","2025-12-27T05:01:43Z","2025-12-27T05:01:49Z",6
"HARD_FILTER","nf-05b771edcbfe6febfde9476bbe8e208f-8b0ff","spencer-trinh-asus-zenbook-14-ux3405ma-q415ma","2025-12-27T04:45:23Z","2025-12-27T04:45:38Z",15
"FUNCOTATOR","nf-06463974b2b15f3df8c25b18e088f39d-bdcba","spencer-trinh-asus-zenbook-14-ux3405ma-q415ma","2025-12-27T04:57:13Z","2025-12-27T04:57:19Z",6
"COLLECT_METRICS","nf-068403a2ac515c70b82cd8a62fb956a1-60167","spencer-trinh-asus-zenbook-14-ux3405ma-q415ma","2025-12-27T04:11:18Z","2025-12-27T04:12:31Z",73
"VCF_STATS","nf-06d02d3ceb37a5dd986f4743721e5a97-cc786","spencer-trinh-asus-zenbook-14-ux3405ma-q415ma","2025-12-27T05:08:48Z","2025-12-27T05:08:50Z",2
"HARD_FILTER","nf-08b63cd62dff19880b484074db31c1c0-42bbf","spencer-trinh-asus-zenbook-14-ux3405ma-q415ma","2025-12-27T04:53:03Z","2025-12-27T04:53:17Z",14
"VCF_STATS","nf-09ffeebe2b4bd16f27d30e063ff5f30c-b2d3e","spencer-trinh-asus-zenbook-14-ux3405ma-q415ma","2025-12-27T05:08:38Z","2025-12-27T05:08:40Z",2
"GENOTYPE_GVCFS","nf-0b2c4b0a24ccb624ac4cd04426030953-0d398","spencer-trinh-asus-zenbook-14-ux3405ma-q415ma","2025-12-27T04:28:38Z","2025-12-27T04:28:42Z",4
"GENOMICSDB_IMPORT","nf-0fb2439a16254cab423cec25f9c786ca-0fcd2","spencer-trinh-asus-zenbook-14-ux3405ma-q415ma","2025-12-27T04:20:53Z","2025-12-27T04:20:57Z",4
"VCF_STATS","nf-10443c0f9a6bf078111e7971aaad943e-95571","spencer-trinh-asus-zenbook-14-ux3405ma-q415ma","2025-12-27T05:08:18Z","2025-12-27T05:08:20Z",2
"GENOTYPE_GVCFS","nf-10da7beda69392fffc687ded09efb9a1-9bcda","spencer-trinh-asus-zenbook-14-ux3405ma-q415ma","2025-12-27T04:27:53Z","2025-12-27T04:27:57Z",4
"GATHER_COHORT_VCFS","nf-1118f1c2600bdb5f901af1bc2eecb719-388b8","spencer-trinh-asus-zenbook-14-ux3405ma-q415ma","2025-12-27T04:38:13Z","2025-12-27T04:38:18Z",5
"GENOTYPE_GVCFS","nf-112c193cf3f6b90f8e5024bbe94b4cf0-9baf2","spencer-trinh-asus-zenbook-14-ux3405ma-q415ma","2025-12-27T04:28:33Z","2025-12-27T04:28:37Z",4
"HARD_FILTER","nf-125092432abda5f585505bb547788be3-db1a2","spencer-trinh-asus-zenbook-14-ux3405ma-q415ma","2025-12-27T04:55:38Z","2025-12-27T04:55:52Z",14
"GATHER_COHORT_VCFS","nf-137ec96ce649ed32b80d385aa9be5f6d-cbbb2","spencer-trinh-asus-zenbook-14-ux3405ma-q415ma","2025-12-27T04:33:03Z","2025-12-27T04:33:08Z",5
"VCF_STATS","nf-138f9e0072b366cc5d120b5e04103396-b9dc1","spencer-trinh-asus-zenbook-14-ux3405ma-q415ma","2025-12-27T05:07:58Z","2025-12-27T05:08:00Z",2
"HARD_FILTER","nf-13b1cd7f5bea223f9c2f8c70cc4a71ff-287f9","spencer-trinh-asus-zenbook-14-ux3405ma-q415ma","2025-12-27T04:48:23Z","2025-12-27T04:48:37Z",14
"FUNCOTATOR","nf-13f6ece7d6b3c8298adf4424e9f3982a-0aad1","spencer-trinh-asus-zenbook-14-ux3405ma-q415ma","2025-12-27T04:56:33Z","2025-12-27T04:56:39Z",6
"GATHER_COHORT_VCFS","nf-14668439ee806fc9a535a953eeb23ff5-e8bb3","spencer-trinh-asus-zenbook-14-ux3405ma-q415ma","2025-12-27T04:39:13Z","2025-12-27T04:39:18Z",5
"GENOTYPE_GVCFS","nf-1547873e703586983abc404fdd014efd-2e532","spencer-trinh-asus-zenbook-14-ux3405ma-q415ma","2025-12-27T04:26:58Z","2025-12-27T04:27:02Z",4
"GENOTYPE_GVCFS","nf-15aeb72914cdf4d0a023e0374632a48c-3acb9","spencer-trinh-asus-zenbook-14-ux3405ma-q415ma","2025-12-27T04:28:43Z","2025-12-27T04:28:47Z",4
"FUNCOTATOR","nf-1702c893173e7b77dc34d4aa01288b59-69874","spencer-trinh-asus-zenbook-14-ux3405ma-q415ma","2025-12-27T04:58:23Z","2025-12-27T04:58:29Z",6
"GENOTYPE_GVCFS","nf-1760ea40bb5be07aae6f811584890320-75a67","spencer-trinh-asus-zenbook-14-ux3405ma-q415ma","2025-12-27T04:30:43Z","2025-12-27T04:30:47Z",4
"HARD_FILTER","nf-183381c67411fd82a72d6a4a8e169fca-8d29e","spencer-trinh-asus-zenbook-14-ux3405ma-q415ma","2025-12-27T04:46:23Z","2025-12-27T04:46:37Z",14
"GATHER_COHORT_VCFS","nf-1836213dce0e8a1ea578c0dfec4d19c5-ed41a","spencer-trinh-asus-zenbook-14-ux3405ma-q415ma","2025-12-27T04:34:13Z","2025-12-27T04:34:18Z",5
"GENOMICSDB_IMPORT","nf-192b5710f0fb7fb3df16bdc7bc87d36b-76ed2","spencer-trinh-asus-zenbook-14-ux3405ma-q415ma","2025-12-27T04:23:43Z","2025-12-27T04:23:47Z",4
"HARD_FILTER","nf-1a3df2a4beba6dc98cbbb5577fa2d312-6958b","spencer-trinh-asus-zenbook-14-ux3405ma-q415ma","2025-12-27T04:52:43Z","2025-12-27T04:52:57Z",14
"VCF_STATS","nf-1aa16c082a2f95c0a87e29bfa7f87f4a-cb410","spencer-trinh-asus-zenbook-14-ux3405ma-q415ma","2025-12-27T05:07:03Z","2025-12-27T05:07:05Z",2
"GENOMICSDB_IMPORT","nf-1c220719f7a64edb2360258aa74dc3ce-d0f93","spencer-trinh-asus-zenbook-14-ux3405ma-q415ma","2025-12-27T04:21:33Z","2025-12-27T04:21:37Z",4
"VCF_STATS","nf-1c40ed52b9468ed8a3d134d73820f43b-404c5","spencer-trinh-asus-zenbook-14-ux3405ma-q415ma","2025-12-27T05:08:13Z","2025-12-27T05:08:15Z",2
"HAPLOTYPE_CALLER","nf-1c4a0c172e65eb81251954058a6ddf63-b0921","spencer-trinh-asus-zenbook-14-ux3405ma-q415ma","2025-12-27T04:15:08Z","2025-12-27T04:15:13Z",5
"HAPLOTYPE_CALLER","nf-1cadd4e118deda01e93a8ca63617d19c-6df34","spencer-trinh-asus-zenbook-14-ux3405ma-q415ma","2025-12-27T04:16:53Z","2025-12-27T04:16:59Z",6
"GENOMICSDB_IMPORT","nf-1d26f2979cc09e72dd715cd5bee9efc9-8ea35","spencer-trinh-asus-zenbook-14-ux3405ma-q415ma","2025-12-27T04:21:38Z","2025-12-27T04:21:42Z",4
"VCF_STATS","nf-1dc5cecbf8592a3a912e6a86770cfaee-a6ca6","spencer-trinh-asus-zenbook-14-ux3405ma-q415ma","2025-12-27T05:07:08Z","2025-12-27T05:07:10Z",2
"GATHER_COHORT_VCFS","nf-1e798cafba0f9c93e50c0642fbf6f6dc-696df","spencer-trinh-asus-zenbook-14-ux3405ma-q415ma","2025-12-27T04:32:43Z","2025-12-27T04:32:48Z",5
"HAPLOTYPE_CALLER","nf-1e849ab6bd05be3c2b62de630ff7f995-33827","spencer-trinh-asus-zenbook-14-ux3405ma-q415ma","2025-12-27T04:16:43Z","2025-12-27T04:16:48Z",5
"GENOTYPE_GVCFS","nf-1ede7315b43c564629e0fbbf943fdc2d-87cae","spencer-trinh-asus-zenbook-14-ux3405ma-q415ma","2025-12-27T04:26:38Z","2025-12-27T04:26:43Z",5
"HAPLOTYPE_CALLER","nf-1f38098c715ca78ef07cddb02395c397-8dc35","spencer-trinh-asus-zenbook-14-ux3405ma-q415ma","2025-12-27T04:18:43Z","2025-12-27T04:18:48Z",5
"VCF_STATS","nf-20cfb7b62241a31f7eb6327433341152-49f41","spencer-trinh-asus-zenbook-14-ux3405ma-q415ma","2025-12-27T05:06:43Z","2025-12-27T05:06:45Z",2
"VCF_STATS","nf-2174f97016206800cc1482db6da0226e-01345","spencer-trinh-asus-zenbook-14-ux3405ma-q415ma","2025-12-27T05:05:18Z","2025-12-27T05:05:20Z",2
"HAPLOTYPE_CALLER","nf-23adb21c8ac818f5620718cdb99119c8-ab18f","spencer-trinh-asus-zenbook-14-ux3405ma-q415ma","2025-12-27T04:17:03Z","2025-12-27T04:17:10Z",7
"FUNCOTATOR","nf-24bd60c735ec22147d76738c56140f44-09a41","spencer-trinh-asus-zenbook-14-ux3405ma-q415ma","2025-12-27T05:04:33Z","2025-12-27T05:04:39Z",6
"HARD_FILTER","nf-2884de82c20f4fd1c9764743fd48e0fc-7853a","spencer-trinh-asus-zenbook-14-ux3405ma-q415ma","2025-12-27T04:41:13Z","2025-12-27T04:41:27Z",14
"GENOMICSDB_IMPORT","nf-2905cc532a67cddaaac378cce595315c-f37f8","spencer-trinh-asus-zenbook-14-ux3405ma-q415ma","2025-12-27T04:23:03Z","2025-12-27T04:23:07Z",4
"FUNCOTATOR","nf-297c79132f94f4ffc608d280b08b4778-e2820","spencer-trinh-asus-zenbook-14-ux3405ma-q415ma","2025-12-27T05:03:23Z","2025-12-27T05:03:29Z",6
"FUNCOTATOR","nf-297d0ba97c636113e794c2e22b0e7b8f-394c4","spencer-trinh-asus-zenbook-14-ux3405ma-q415ma","2025-12-27T05:00:13Z","2025-12-27T05:00:20Z",7
"GENOMICSDB_IMPORT","nf-2980be798598dc131ec8db9d6b64421d-107e5","spencer-trinh-asus-zenbook-14-ux3405ma-q415ma","2025-12-27T04:25:03Z","2025-12-27T04:25:07Z",4
"HARD_FILTER","nf-2a7d6be34610d88c28c3bdc3af3cbe55-b2d46","spencer-trinh-asus-zenbook-14-ux3405ma-q415ma","2025-12-27T04:42:48Z","2025-12-27T04:43:02Z",14
"VCF_STATS","nf-2aa2cb8f762ec6f23a753247b12f673b-ca603","spencer-trinh-asus-zenbook-14-ux3405ma-q415ma","2025-12-27T05:06:33Z","2025-12-27T05:06:35Z",2
"FUNCOTATOR","nf-2b2708778627380ca9d6dc984d38a823-63cd6","spencer-trinh-asus-zenbook-14-ux3405ma-q415ma","2025-12-27T04:57:03Z","2025-12-27T04:57:09Z",6
"GENOMICSDB_IMPORT","nf-2ccf69b0fcfd3f7f5a11dc043cf96377-9c8bc","spencer-trinh-asus-zenbook-14-ux3405ma-q415ma","2025-12-27T04:20:43Z","2025-12-27T04:20:47Z",4
"GENOTYPE_GVCFS","nf-2d1cbda3aea74977863edf41076890e4-282e4","spencer-trinh-asus-zenbook-14-ux3405ma-q415ma","2025-12-27T04:27:03Z","2025-12-27T04:27:07Z",4
"BWA_MEM","nf-2f3d2632e1ba11044f9570751485fedb-f32a8","spencer-trinh-asus-zenbook-14-ux3405ma-q415ma","2025-12-27T04:10:23Z","2025-12-27T04:10:42Z",19
"GENOTYPE_GVCFS","nf-3107fc3f8ea6438b11d9fad0130b3a22-f1eee","spencer-trinh-asus-zenbook-14-ux3405ma-q415ma","2025-12-27T04:28:13Z","2025-12-27T04:28:17Z",4
"GENOMICSDB_IMPORT","nf-326e466c04481be2ec3d4ca100fb8bce-2e607","spencer-trinh-asus-zenbook-14-ux3405ma-q415ma","2025-12-27T04:24:53Z","2025-12-27T04:24:57Z",4
"HARD_FILTER","nf-32a6ce7ff5ecf7d1daba490c016ef61e-15b03","spencer-trinh-asus-zenbook-14-ux3405ma-q415ma","2025-12-27T04:52:23Z","2025-12-27T04:52:38Z",15
"GENOMICSDB_IMPORT","nf-32c9acca539b53b2b98aadfaa182b863-8e5d8","spencer-trinh-asus-zenbook-14-ux3405ma-q415ma","2025-12-27T04:22:28Z","2025-12-27T04:22:32Z",4
"GATHER_COHORT_VCFS","nf-336c07aa94898ab37c507d28e526e446-61700","spencer-trinh-asus-zenbook-14-ux3405ma-q415ma","2025-12-27T04:38:43Z","2025-12-27T04:38:48Z",5
"FUNCOTATOR","nf-3574ac10d3f44b64996eb62274520fb0-1db6c","spencer-trinh-asus-zenbook-14-ux3405ma-q415ma","2025-12-27T05:02:43Z","2025-12-27T05:02:49Z",6
"FUNCOTATOR","nf-3584fc82b1916cdac16f7d02a285ebd3-9fe1a","spencer-trinh-asus-zenbook-14-ux3405ma-q415ma","2025-12-27T04:57:33Z","2025-12-27T04:57:39Z",6
"GENOMICSDB_IMPORT","nf-35c563445bee36581484059f5df464b6-12f48","spencer-trinh-asus-zenbook-14-ux3405ma-q415ma","2025-12-27T04:21:23Z","2025-12-27T04:21:27Z",4
"VCF_STATS","nf-3623cab5a832b43d8b632c763ccb92d1-ea867","spencer-trinh-asus-zenbook-14-ux3405ma-q415ma","2025-12-27T05:06:13Z","2025-12-27T05:06:15Z",2
"VCF_STATS","nf-370da53ecff0033da41768141264da4a-a1cec","spencer-trinh-asus-zenbook-14-ux3405ma-q415ma","2025-12-27T05:06:38Z","2025-12-27T05:06:40Z",2
"VCF_STATS","nf-37a79a213c2de918300d4d25b953cca7-ddb2b","spencer-trinh-asus-zenbook-14-ux3405ma-q415ma","2025-12-27T05:05:13Z","2025-12-27T05:05:15Z",2
"HAPLOTYPE_CALLER","nf-37d09506b6a5078a25f17f4ccb91493d-820f2","spencer-trinh-asus-zenbook-14-ux3405ma-q415ma","2025-12-27T04:17:13Z","2025-12-27T04:17:18Z",5
"GATHER_COHORT_VCFS","nf-39edd7761bd385b68765046e02f1794f-a2aad","spencer-trinh-asus-zenbook-14-ux3405ma-q415ma","2025-12-27T04:36:23Z","2025-12-27T04:36:29Z",6
"FUNCOTATOR","nf-3b1dcd4b32388ff6c68139168d730878-48452","spencer-trinh-asus-zenbook-14-ux3405ma-q415ma","2025-12-27T05:00:23Z","2025-12-27T05:00:29Z",6
"GENOTYPE_GVCFS","nf-3cf7dc4e1bb737ef4e421b6951c1e1d7-5ff19","spencer-trinh-asus-zenbook-14-ux3405ma-q415ma","2025-12-27T04:27:33Z","2025-12-27T04:27:37Z",4
"VCF_STATS","nf-3dfa95ed16779d2a34f3e6804c60b15f-96d87","spencer-trinh-asus-zenbook-14-ux3405ma-q415ma","2025-12-27T05:07:53Z","2025-12-27T05:07:55Z",2
"VCF_STATS","nf-3dfded7761d86bd4d8074b9735f86eb7-2646b","spencer-trinh-asus-zenbook-14-ux3405ma-q415ma","2025-12-27T05:07:48Z","2025-12-27T05:07:50Z",2
"VCF_STATS","nf-3e348e90a466e88b28061570d189f345-f2f64","spencer-trinh-asus-zenbook-14-ux3405ma-q415ma","2025-12-27T05:05:28Z","2025-12-27T05:05:30Z",2
"GENOMICSDB_IMPORT","nf-3e7e6778a0e8a3c093adf1a2141c1478-9d810","spencer-trinh-asus-zenbook-14-ux3405ma-q415ma","2025-12-27T04:24:48Z","2025-12-27T04:24:52Z",4
"HAPLOTYPE_CALLER","nf-3f4d2e87fadeaef4dac6b67c028201a2-0560c","spencer-trinh-asus-zenbook-14-ux3405ma-q415ma","2025-12-27T04:16:03Z","2025-12-27T04:16:08Z",5
"HARD_FILTER","nf-3fafdd457cad84afe7831c0f29c4093b-96960","spencer-trinh-asus-zenbook-14-ux3405ma-q415ma","2025-12-27T04:47:03Z","2025-12-27T04:47:17Z",14
"HARD_FILTER","nf-3fbe19e599c8a4b3e2d145a47850b199-e900e","spencer-trinh-asus-zenbook-14-ux3405ma-q415ma","2025-12-27T04:45:43Z","2025-12-27T04:45:57Z",14
"FUNCOTATOR","nf-40e6a7a51268a22f2817508c6e326acc-a0f60","spencer-trinh-asus-zenbook-14-ux3405ma-q415ma","2025-12-27T05:02:13Z","2025-12-27T05:02:19Z",6
"HAPLOTYPE_CALLER","nf-418779b1cb9c30fee4582e9c067a7f0c-94dc9","spencer-trinh-asus-zenbook-14-ux3405ma-q415ma","2025-12-27T04:14:03Z","2025-12-27T04:14:07Z",4
"HARD_FILTER","nf-41bddce2e9ab30a423d2cb2284708e29-4bed5","spencer-trinh-asus-zenbook-14-ux3405ma-q415ma","2025-12-27T04:50:08Z","2025-12-27T04:50:23Z",15
"HAPLOTYPE_CALLER","nf-41f6c859790558d88aad19a266384297-720d1","spencer-trinh-asus-zenbook-14-ux3405ma-q415ma","2025-12-27T04:20:13Z","2025-12-27T04:20:18Z",5
"GENOTYPE_GVCFS","nf-420cc92af92248b13303baedeee0756e-74c2e","spencer-trinh-asus-zenbook-14-ux3405ma-q415ma","2025-12-27T04:31:23Z","2025-12-27T04:31:27Z",4
"GENOMICSDB_IMPORT","nf-42df517040ad3572d76783e12b14c0a5-95f20","spencer-trinh-asus-zenbook-14-ux3405ma-q415ma","2025-12-27T04:23:08Z","2025-12-27T04:23:12Z",4
"HAPLOTYPE_CALLER","nf-4336c61bd3ddb05fae835b285a000803-25df1","spencer-trinh-asus-zenbook-14-ux3405ma-q415ma","2025-12-27T04:19:33Z","2025-12-27T04:19:38Z",5
"HAPLOTYPE_CALLER","nf-463606b1981608486cb74137aad3a932-67a56","spencer-trinh-asus-zenbook-14-ux3405ma-q415ma","2025-12-27T04:14:53Z","2025-12-27T04:14:57Z",4
"HAPLOTYPE_CALLER","nf-470ce3b58577914ea720679853717a3b-25297","spencer-trinh-asus-zenbook-14-ux3405ma-q415ma","2025-12-27T04:13:33Z","2025-12-27T04:13:37Z",4
"FUNCOTATOR","nf-478c64d6a1cda7ba9d765007eb8c8e59-fa8f5","spencer-trinh-asus-zenbook-14-ux3405ma-q415ma","2025-12-27T04:59:13Z","2025-12-27T04:59:19Z",6
"VCF_STATS","nf-48168dc5f6667c3482ed8f16635055ee-9c732","spencer-trinh-asus-zenbook-14-ux3405ma-q415ma","2025-12-27T05:08:43Z","2025-12-27T05:08:45Z",2
"GENOMICSDB_IMPORT","nf-48278032ac0ac91c190813c010620c51-da6e1","spencer-trinh-asus-zenbook-14-ux3405ma-q415ma","2025-12-27T04:25:08Z","2025-12-27T04:25:12Z",4
"VCF_STATS","nf-4846bc50d4f6c70224472f0b896bf267-3b1b9","spencer-trinh-asus-zenbook-14-ux3405ma-q415ma","2025-12-27T05:05:33Z","2025-12-27T05:05:35Z",2
"FUNCOTATOR","nf-4851f07d14c6f7909a987d1c2ea6f517-a7e7b","spencer-trinh-asus-zenbook-14-ux3405ma-q415ma","2025-12-27T05:03:13Z","2025-12-27T05:03:20Z",7
"HAPLOTYPE_CALLER","nf-485d001911756d7e7429f15a9fbafd8b-09996","spencer-trinh-asus-zenbook-14-ux3405ma-q415ma","2025-12-27T04:19:03Z","2025-12-27T04:19:08Z",5
"HAPLOTYPE_CALLER","nf-49173fbe28faf1677d0c1340096dd7d8-e0b35","spencer-trinh-asus-zenbook-14-ux3405ma-q415ma","2025-12-27T04:13:03Z","2025-12-27T04:13:07Z",4
"GENOMICSDB_IMPORT","nf-4988b0396095f85859afb7ec7d3a595c-1082f","spencer-trinh-asus-zenbook-14-ux3405ma-q415ma","2025-12-27T04:24:08Z","2025-12-27T04:24:12Z",4
"GENOMICSDB_IMPORT","nf-4a03e87a4f0622203d9eddecfff1dec3-1f96a","spencer-trinh-asus-zenbook-14-ux3405ma-q415ma","2025-12-27T04:22:43Z","2025-12-27T04:22:47Z",4
"FUNCOTATOR","nf-4a453a369ff8d8b81b822a8a2df8013b-f4f8c","spencer-trinh-asus-zenbook-14-ux3405ma-q415ma","2025-12-27T05:03:33Z","2025-12-27T05:03:39Z",6
"GATHER_COHORT_VCFS","nf-4ba7347748fa53d48f514309bfb4b3ce-dda68","spencer-trinh-asus-zenbook-14-ux3405ma-q415ma","2025-12-27T04:32:23Z","2025-12-27T04:32:28Z",5
"GENOTYPE_GVCFS","nf-4c0f8e22b745a3fde0058ea918399888-c08ee","spencer-trinh-asus-zenbook-14-ux3405ma-q415ma","2025-12-27T04:26:13Z","2025-12-27T04:26:18Z",5
"HAPLOTYPE_CALLER","nf-4d6372943fdbf87ee4b4cb0dd46bb014-04034","spencer-trinh-asus-zenbook-14-ux3405ma-q415ma","2025-12-27T04:15:18Z","2025-12-27T04:15:22Z",4
"GENOTYPE_GVCFS","nf-4d91eeb96147829e71a7a90b5d4f7c8d-9ff43","spencer-trinh-asus-zenbook-14-ux3405ma-q415ma","2025-12-27T04:28:48Z","2025-12-27T04:28:52Z",4
"GENOTYPE_GVCFS","nf-4e634423a9c87f027dc13a28b2066507-87394","spencer-trinh-asus-zenbook-14-ux3405ma-q415ma","2025-12-27T04:26:48Z","2025-12-27T04:26:52Z",4
"GENOMICSDB_IMPORT","nf-4e89ac1e11d1f56e774359183c3f666a-a6709","spencer-trinh-asus-zenbook-14-ux3405ma-q415ma","2025-12-27T04:25:48Z","2025-12-27T04:25:52Z",4
"GENOMICSDB_IMPORT","nf-4f842f3c583ce2fb26e398c2afa34f5f-aeb43","spencer-trinh-asus-zenbook-14-ux3405ma-q415ma","2025-12-27T04:21:48Z","2025-12-27T04:21:52Z",4
"GENOMICSDB_IMPORT","nf-4fe24c5d8b2589e1cf5b500810005cca-15727","spencer-trinh-asus-zenbook-14-ux3405ma-q415ma","2025-12-27T04:25:28Z","2025-12-27T04:25:32Z",4
"GATHER_COHORT_VCFS","nf-50e5cb675305bfa96d7d8f081e6c7ebc-f18ab","spencer-trinh-asus-zenbook-14-ux3405ma-q415ma","2025-12-27T04:34:53Z","2025-12-27T04:34:58Z",5
"HARD_FILTER","nf-515ecd22742640efbea91ea7b1275465-a8a08","spencer-trinh-asus-zenbook-14-ux3405ma-q415ma","2025-12-27T04:40:53Z","2025-12-27T04:41:07Z",14
"FUNCOTATOR","nf-529bcc21d9bb0c8004bc294ecfe4eb9b-72129","spencer-trinh-asus-zenbook-14-ux3405ma-q415ma","2025-12-27T05:04:43Z","2025-12-27T05:04:49Z",6
"HAPLOTYPE_CALLER","nf-52b1c5d707e21098a6ec686a0b91a4bb-b1c3b","spencer-trinh-asus-zenbook-14-ux3405ma-q415ma","2025-12-27T04:16:33Z","2025-12-27T04:16:39Z",6
"FUNCOTATOR","nf-538b0aca3b2da4c908e3af93afa998d2-c61a1","spencer-trinh-asus-zenbook-14-ux3405ma-q415ma","2025-12-27T05:00:43Z","2025-12-27T05:00:49Z",6
"HARD_FILTER","nf-5493d745d06f32f5c14e9b099c1f3fb5-1e9ce","spencer-trinh-asus-zenbook-14-ux3405ma-q415ma","2025-12-27T04:44:23Z","2025-12-27T04:44:37Z",14
"VCF_STATS","nf-56ef2c2c9433dfbf9be13345dc0cce58-1c84a","spencer-trinh-asus-zenbook-14-ux3405ma-q415ma","2025-12-27T05:08:33Z","2025-12-27T05:08:35Z",2
"GENOMICSDB_IMPORT","nf-578f7bb37ec3c11090cdf07eaeb59c8f-6b3f7","spencer-trinh-asus-zenbook-14-ux3405ma-q415ma","2025-12-27T04:21:53Z","2025-12-27T04:21:57Z",4
"GENOTYPE_GVCFS","nf-57fc374d4260226ef48b5b913b56be78-5737b","spencer-trinh-asus-zenbook-14-ux3405ma-q415ma","2025-12-27T04:27:18Z","2025-12-27T04:27:22Z",4
"VCF_STATS","nf-58a403312907f6964fe18b00a9bffbe6-ca8e7","spencer-trinh-asus-zenbook-14-ux3405ma-q415ma","2025-12-27T05:06:58Z","2025-12-27T05:07:00Z",2
"GENOTYPE_GVCFS","nf-58dcb730195f99b70d76f93d88c25f07-0b877","spencer-trinh-asus-zenbook-14-ux3405ma-q415ma","2025-12-27T04:31:33Z","2025-12-27T04:31:37Z",4
"GENOMICSDB_IMPORT","nf-59ea2289331bb12f7b762ab3d8993f7c-33bc7","spencer-trinh-asus-zenbook-14-ux3405ma-q415ma","2025-12-27T04:21:08Z","2025-12-27T04:21:12Z",4
"VCF_STATS","nf-5a59ed6e939a52c9587637b113656b86-bb29b","spencer-trinh-asus-zenbook-14-ux3405ma-q415ma","2025-12-27T05:05:03Z","2025-12-27T05:05:05Z",2
"FUNCOTATOR","nf-5a9abc13c64f051608fe0915ab3669e0-5f245","spencer-trinh-asus-zenbook-14-ux3405ma-q415ma","2025-12-27T05:01:23Z","2025-12-27T05:01:29Z",6
"VCF_STATS","nf-5bae8ae229c38bdf15c199b5c36a3976-3f9b6","spencer-trinh-asus-zenbook-14-ux3405ma-q415ma","2025-12-27T05:05:38Z","2025-12-27T05:05:40Z",2
"GATHER_COHORT_VCFS","nf-5bd1b005bdb188a5ca82d09f5c778f68-30054","spencer-trinh-asus-zenbook-14-ux3405ma-q415ma","2025-12-27T04:35:23Z","2025-12-27T04:35:28Z",5
"HAPLOTYPE_CALLER","nf-5befca96b2cfb6173882560b40e11ddb-60648","spencer-trinh-asus-zenbook-14-ux3405ma-q415ma","2025-12-27T04:16:13Z","2025-12-27T04:16:19Z",6
"GENOTYPE_GVCFS","nf-5da666edcaae5ad185e8cb706942302b-6af13","spencer-trinh-asus-zenbook-14-ux3405ma-q415ma","2025-12-27T04:26:53Z","2025-12-27T04:26:57Z",4
"GENOMICSDB_IMPORT","nf-5dbc33d1c651da2df92886aecb0a1741-99920","spencer-trinh-asus-zenbook-14-ux3405ma-q415ma","2025-12-27T04:24:28Z","2025-12-27T04:24:32Z",4
"GATHER_COHORT_VCFS","nf-5dff70673b95b910a275fd4c435ca193-1d517","spencer-trinh-asus-zenbook-14-ux3405ma-q415ma","2025-12-27T04:38:03Z","2025-12-27T04:38:08Z",5
"GENOMICSDB_IMPORT","nf-5e126fa9e2386d209c6b391352bd3716-f8552","spencer-trinh-asus-zenbook-14-ux3405ma-q415ma","2025-12-27T04:25:18Z","2025-12-27T04:25:22Z",4
"APPLY_BQSR","nf-5e8178d76d8f764212cc8e23258953ff-ababa","spencer-trinh-asus-zenbook-14-ux3405ma-q415ma","2025-12-27T04:11:08Z","2025-12-27T04:11:13Z",5
"GATHER_COHORT_VCFS","nf-604bc02066cb18555b96e2675c610586-f36bb","spencer-trinh-asus-zenbook-14-ux3405ma-q415ma","2025-12-27T04:36:33Z","2025-12-27T04:36:38Z",5
"HARD_FILTER","nf-622b22f5516aa029d8c16e7de1afc730-032da","spencer-trinh-asus-zenbook-14-ux3405ma-q415ma","2025-12-27T04:44:03Z","2025-12-27T04:44:17Z",14
"HARD_FILTER","nf-64bde5879c56eb115e33e448e90cd88a-79091","spencer-trinh-asus-zenbook-14-ux3405ma-q415ma","2025-12-27T04:51:28Z","2025-12-27T04:51:42Z",14
"FUNCOTATOR","nf-672973e2650b626fc9038c390984e703-46d8a","spencer-trinh-asus-zenbook-14-ux3405ma-q415ma","2025-12-27T05:00:53Z","2025-12-27T05:00:59Z",6
"HAPLOTYPE_CALLER","nf-68bc86f59f9817af5599aeb361848bd5-56d8d","spencer-trinh-asus-zenbook-14-ux3405ma-q415ma","2025-12-27T04:20:03Z","2025-12-27T04:20:08Z",5
"HARD_FILTER","nf-68cd051717339e4ebd2ad80a37c47054-eb492","spencer-trinh-asus-zenbook-14-ux3405ma-q415ma","2025-12-27T04:53:58Z","2025-12-27T04:54:13Z",15
"HARD_FILTER","nf-68e3755354c129ebc47246b55a2e0571-531dc","spencer-trinh-asus-zenbook-14-ux3405ma-q415ma","2025-12-27T04:51:43Z","2025-12-27T04:51:57Z",14
"HAPLOTYPE_CALLER","nf-68f4860933a30c846ed3f7c265c1eba2-56bd2","spencer-trinh-asus-zenbook-14-ux3405ma-q415ma","2025-12-27T04:17:33Z","2025-12-27T04:17:38Z",5
"GENOTYPE_GVCFS","nf-69ab4680b74b56dbe4527e5bc9388cb1-ec0b6","spencer-trinh-asus-zenbook-14-ux3405ma-q415ma","2025-12-27T04:29:38Z","2025-12-27T04:29:42Z",4
"FUNCOTATOR","nf-6b32abbbc37f26446fd030ab1b2df81b-8195d","spencer-trinh-asus-zenbook-14-ux3405ma-q415ma","2025-12-27T05:00:03Z","2025-12-27T05:00:10Z",7
"GENOMICSDB_IMPORT","nf-6b332c7e384b9892b0c1804e253b5b7b-8b79d","spencer-trinh-asus-zenbook-14-ux3405ma-q415ma","2025-12-27T04:24:38Z","2025-12-27T04:24:42Z",4
"FUNCOTATOR","nf-6cdfa8400316bbb0c721a4a8f0349f1c-e2e8f","spencer-trinh-asus-zenbook-14-ux3405ma-q415ma","2025-12-27T04:56:53Z","2025-12-27T04:56:59Z",6
"HAPLOTYPE_CALLER","nf-6d8fcafad09b03af8700ab5c9249142a-d3dae","spencer-trinh-asus-zenbook-14-ux3405ma-q415ma","2025-12-27T04:13:53Z","2025-12-27T04:13:59Z",6
"VCF_STATS","nf-6e129293012482fdd4bf3f80bf759fcc-070b0","spencer-trinh-asus-zenbook-14-ux3405ma-q415ma","2025-12-27T05:08:08Z","2025-12-27T05:08:10Z",2
"VCF_STATS","nf-6e86eaf93d5fbc00e4cdf43855c2d5a7-b1125","spencer-trinh-asus-zenbook-14-ux3405ma-q415ma","2025-12-27T05:08:58Z","2025-12-27T05:09:00Z",2
"GENOMICSDB_IMPORT","nf-6f5af6ed551f5d8d3649b495fe86f93c-9fa89","spencer-trinh-asus-zenbook-14-ux3405ma-q415ma","2025-12-27T04:24:03Z","2025-12-27T04:24:07Z",4
"VCF_STATS","nf-6fc91ec1eb0be3342e2815c266161421-ce6b4","spencer-trinh-asus-zenbook-14-ux3405ma-q415ma","2025-12-27T05:06:08Z","2025-12-27T05:06:10Z",2
"VCF_STATS","nf-71fe678f5ade0649ebe8c7984769cb36-b7219","spencer-trinh-asus-zenbook-14-ux3405ma-q415ma","2025-12-27T05:07:33Z","2025-12-27T05:07:35Z",2
"VCF_STATS","nf-723d1d952266554c7a4edfba7c2a1c87-56cc3","spencer-trinh-asus-zenbook-14-ux3405ma-q415ma","2025-12-27T05:06:18Z","2025-12-27T05:06:20Z",2
"HARD_FILTER","nf-7496628bad0e92a0428efbb395a54363-325c5","spencer-trinh-asus-zenbook-14-ux3405ma-q415ma","2025-12-27T04:50:28Z","2025-12-27T04:50:43Z",15
"HARD_FILTER","nf-753e446cfda8c09cf05c5d0857edd619-6f3f6","spencer-trinh-asus-zenbook-14-ux3405ma-q415ma","2025-12-27T04:44:43Z","2025-12-27T04:44:58Z",15
"HAPLOTYPE_CALLER","nf-7560457f0776de87228d1b79781a97fb-97621","spencer-trinh-asus-zenbook-14-ux3405ma-q415ma","2025-12-27T04:15:23Z","2025-12-27T04:15:27Z",4
"VCF_STATS","nf-75a1c08cdf8a48af51e68287e6e1d935-67a23","spencer-trinh-asus-zenbook-14-ux3405ma-q415ma","2025-12-27T05:07:18Z","2025-12-27T05:07:20Z",2
"HARD_FILTER","nf-763e443ff37af646d4f58f3bd54866b3-db449","spencer-trinh-asus-zenbook-14-ux3405ma-q415ma","2025-12-27T04:47:43Z","2025-12-27T04:47:59Z",16
"GATHER_COHORT_VCFS","nf-77108b2a51c0fa545db001937917223c-b362f","spencer-trinh-asus-zenbook-14-ux3405ma-q415ma","2025-12-27T04:40:03Z","2025-12-27T04:40:08Z",5
"FUNCOTATOR","nf-77663a0319421e6f98d5e1e32a7e6f64-f0e49","spencer-trinh-asus-zenbook-14-ux3405ma-q415ma","2025-12-27T04:57:43Z","2025-12-27T04:57:49Z",6
"FUNCOTATOR","nf-77d71e7688347181397e8bb997c50fa8-a37fc","spencer-trinh-asus-zenbook-14-ux3405ma-q415ma","2025-12-27T04:59:33Z","2025-12-27T04:59:39Z",6
"GENOTYPE_GVCFS","nf-782634beb350cd83db770027fc5c3dee-46a5d","spencer-trinh-asus-zenbook-14-ux3405ma-q415ma","2025-12-27T04:31:08Z","2025-12-27T04:31:13Z",5
"VCF_STATS","nf-78e9ba17bcc689b7ed583427d10554b4-ef4b4","spencer-trinh-asus-zenbook-14-ux3405ma-q415ma","2025-12-27T05:08:23Z","2025-12-27T05:08:25Z",2
"FUNCOTATOR","nf-78fd7156b573090d90cb27f7b548ede8-352d4","spencer-trinh-asus-zenbook-14-ux3405ma-q415ma","2025-12-27T04:59:03Z","2025-12-27T04:59:09Z",6
"HARD_FILTER","nf-7b1f9a0c7314c3f6ea84990d0e9828eb-d5c5a","spencer-trinh-asus-zenbook-14-ux3405ma-q415ma","2025-12-27T04:41:33Z","2025-12-27T04:41:48Z",15
"VCF_STATS","nf-7b43b2515ef56363907c65baabd8a0c2-318fd","spencer-trinh-asus-zenbook-14-ux3405ma-q415ma","2025-12-27T05:05:23Z","2025-12-27T05:05:25Z",2
"HAPLOTYPE_CALLER","nf-7c3c6970cfd92c34af8de5056d7fb96e-49683","spencer-trinh-asus-zenbook-14-ux3405ma-q415ma","2025-12-27T04:14:43Z","2025-12-27T04:14:48Z",5
"GATHER_COHORT_VCFS","nf-7c9ec21d514309c66313fc9899326015-63b6f","spencer-trinh-asus-zenbook-14-ux3405ma-q415ma","2025-12-27T04:37:23Z","2025-12-27T04:37:28Z",5
"GENOMICSDB_IMPORT","nf-7cad50a7e78d40070d07fd8a50138ded-7f561","spencer-trinh-asus-zenbook-14-ux3405ma-q415ma","2025-12-27T04:23:58Z","2025-12-27T04:24:02Z",4
"FUNCOTATOR","nf-7cf4fc1d984de8898848f6e2b43d9280-0e7e4","spencer-trinh-asus-zenbook-14-ux3405ma-q415ma","2025-12-27T04:58:13Z","2025-12-27T04:58:19Z",6
"HARD_FILTER","nf-7d79a440678f0e7d413d486ecca5c176-2cd3f","spencer-trinh-asus-zenbook-14-ux3405ma-q415ma","2025-12-27T04:49:53Z","2025-12-27T04:50:07Z",14
"VCF_STATS","nf-7f1ab8cc2454b3fba04fb8d49539ab67-64503","spencer-trinh-asus-zenbook-14-ux3405ma-q415ma","2025-12-27T05:05:08Z","2025-12-27T05:05:10Z",2
"HAPLOTYPE_CALLER","nf-801ac8412423256d42b3f19b719f05ab-4e38a","spencer-trinh-asus-zenbook-14-ux3405ma-q415ma","2025-12-27T04:16:23Z","2025-12-27T04:16:28Z",5
"GENOTYPE_GVCFS","nf-8057c3984f45ef8b9d1d12be264abe46-b8020","spencer-trinh-asus-zenbook-14-ux3405ma-q415ma","2025-12-27T04:31:53Z","2025-12-27T04:31:57Z",4
"GATHER_COHORT_VCFS","nf-80fa8b10e75d071d1a06fa354ef3bc6c-10dc8","spencer-trinh-asus-zenbook-14-ux3405ma-q415ma","2025-12-27T04:38:23Z","2025-12-27T04:38:28Z",5
"GATHER_COHORT_VCFS","nf-81de5a91d40c08cda4f3f34054bbe073-10afb","spencer-trinh-asus-zenbook-14-ux3405ma-q415ma","2025-12-27T04:35:03Z","2025-12-27T04:35:09Z",6
"GENOMICSDB_IMPORT","nf-8218b47ac1f95af4ebef3e761edbfcd7-09ea4","spencer-trinh-asus-zenbook-14-ux3405ma-q415ma","2025-12-27T04:22:38Z","2025-12-27T04:22:42Z",4
"VCF_STATS","nf-82bf07cb53e2043a9755e921261c160b-cf382","spencer-trinh-asus-zenbook-14-ux3405ma-q415ma","2025-12-27T05:07:23Z","2025-12-27T05:07:25Z",2
"GENOMICSDB_IMPORT","nf-83a081ae3e1af92068f219d8798f20a7-737d5","spencer-trinh-asus-zenbook-14-ux3405ma-q415ma","2025-12-27T04:25:38Z","2025-12-27T04:25:42Z",4
"FUNCOTATOR","nf-83bc612801e05a025ab00f19770c1beb-bd45f","spencer-trinh-asus-zenbook-14-ux3405ma-q415ma","2025-12-27T04:58:33Z","2025-12-27T04:58:39Z",6
"VCF_STATS","nf-83ccb67fe7c49ec26f3a1618d51af17b-f48e3","spencer-trinh-asus-zenbook-14-ux3405ma-q415ma","2025-12-27T05:08:28Z","2025-12-27T05:08:30Z",2
"FUNCOTATOR","nf-83dad598d04d1967dff2badb491962c1-65410","spencer-trinh-asus-zenbook-14-ux3405ma-q415ma","2025-12-27T04:59:53Z","2025-12-27T04:59:59Z",6
"GENOTYPE_GVCFS","nf-8503ae196f8f9bf6cd3aa9d2efa510d5-08fee","spencer-trinh-asus-zenbook-14-ux3405ma-q415ma","2025-12-27T04:27:08Z","2025-12-27T04:27:12Z",4
"GENOTYPE_GVCFS","nf-85a01fdc0b3d4d3d1c23e5c4f47fdf0c-624fb","spencer-trinh-asus-zenbook-14-ux3405ma-q415ma","2025-12-27T04:30:38Z","2025-12-27T04:30:42Z",4
"HAPLOTYPE_CALLER","nf-85b7733af3c2e3022bae670d2dd081bb-b9f0f","spencer-trinh-asus-zenbook-14-ux3405ma-q415ma","2025-12-27T04:18:13Z","2025-12-27T04:18:18Z",5
"GENOMICSDB_IMPORT","nf-86063c0752a8106c3c6fd740e9f649bb-54539","spencer-trinh-asus-zenbook-14-ux3405ma-q415ma","2025-12-27T04:21:18Z","2025-12-27T04:21:22Z",4
"HAPLOTYPE_CALLER","nf-8644a53268db10ac8bc1cf269ed64de9-1a607","spencer-trinh-asus-zenbook-14-ux3405ma-q415ma","2025-12-27T04:14:13Z","2025-12-27T04:14:18Z",5
"FUNCOTATOR","nf-879fbdc8efcf0b3220fff2a8dfeb91e9-897c9","spencer-trinh-asus-zenbook-14-ux3405ma-q415ma","2025-12-27T05:02:03Z","2025-12-27T05:02:09Z",6
"GENOMICSDB_IMPORT","nf-88756012985b05cbcab898f7ab10a7ac-78b0b","spencer-trinh-asus-zenbook-14-ux3405ma-q415ma","2025-12-27T04:24:13Z","2025-12-27T04:24:17Z",4
"GENOTYPE_GVCFS","nf-888cf1281e26da36dbc45df489ef5884-9e6fd","spencer-trinh-asus-zenbook-14-ux3405ma-q415ma","2025-12-27T04:28:53Z","2025-12-27T04:28:57Z",4
"GENOMICSDB_IMPORT","nf-889b61e194d9962680fd0e2f05e7ef41-dbc55","spencer-trinh-asus-zenbook-14-ux3405ma-q415ma","2025-12-27T04:24:18Z","2025-12-27T04:24:22Z",4
"FUNCOTATOR","nf-88b9839b9f0671c380a5b950d1786444-d0513","spencer-trinh-asus-zenbook-14-ux3405ma-q415ma","2025-12-27T05:01:13Z","2025-12-27T05:01:19Z",6
"MERGE_SAMPLE_GVCFS","nf-8903834eeefadae22c98ed9e7b49bc25-ce279","spencer-trinh-asus-zenbook-14-ux3405ma-q415ma","2025-12-27T04:20:33Z","2025-12-27T04:20:40Z",7
"GATHER_COHORT_VCFS","nf-8942e35c97278418e5860d23aa3e8552-97a83","spencer-trinh-asus-zenbook-14-ux3405ma-q415ma","2025-12-27T04:33:33Z","2025-12-27T04:33:38Z",5
"VCF_STATS","nf-8954a06d385a4efe1df5cc7c5d0a4d06-73bf3","spencer-trinh-asus-zenbook-14-ux3405ma-q415ma","2025-12-27T05:06:28Z","2025-12-27T05:06:30Z",2
"GENOTYPE_GVCFS","nf-8a650c9bd715469f51225d3562e42627-cdf97","spencer-trinh-asus-zenbook-14-ux3405ma-q415ma","2025-12-27T04:26:33Z","2025-12-27T04:26:37Z",4
"GENOTYPE_GVCFS","nf-8b0f6e97e6106bfa706518a0ee7f507a-cff09","spencer-trinh-asus-zenbook-14-ux3405ma-q415ma","2025-12-27T04:26:23Z","2025-12-27T04:26:27Z",4
"HARD_FILTER","nf-8b331fb1990a0ea0f5643c73332b1689-467f8","spencer-trinh-asus-zenbook-14-ux3405ma-q415ma","2025-12-27T04:43:43Z","2025-12-27T04:43:58Z",15
"GENOMICSDB_IMPORT","nf-8b875416a8e53e120f037159c62831f0-dec71","spencer-trinh-asus-zenbook-14-ux3405ma-q415ma","2025-12-27T04:22:53Z","2025-12-27T04:22:57Z",4
"HAPLOTYPE_CALLER","nf-8cd98bf5ecc708e5930742d0ef9641b6-0d605","spencer-trinh-asus-zenbook-14-ux3405ma-q415ma","2025-12-27T04:20:23Z","2025-12-27T04:20:28Z",5
"GENOTYPE_GVCFS","nf-8e16b940af672551886c93b3d56ff93d-adb87","spencer-trinh-asus-zenbook-14-ux3405ma-q415ma","2025-12-27T04:30:58Z","2025-12-27T04:31:02Z",4
"GENOMICSDB_IMPORT","nf-8e592d52afa5e4d9b147238801003a8d-496a7","spencer-trinh-asus-zenbook-14-ux3405ma-q415ma","2025-12-27T04:21:28Z","2025-12-27T04:21:32Z",4
"GENOTYPE_GVCFS","nf-908675d9c4cb6122e6cb61d36f18257a-b94df","spencer-trinh-asus-zenbook-14-ux3405ma-q415ma","2025-12-27T04:32:03Z","2025-12-27T04:32:07Z",4
"HARD_FILTER","nf-91320ddb44e92644c047adf094a86b82-88ac0","spencer-trinh-asus-zenbook-14-ux3405ma-q415ma","2025-12-27T04:43:28Z","2025-12-27T04:43:42Z",14
"HAPLOTYPE_CALLER","nf-9146c2f7b1bbb65a05cb8a2a731d4329-fc74b","spencer-trinh-asus-zenbook-14-ux3405ma-q415ma","2025-12-27T04:15:28Z","2025-12-27T04:15:32Z",4
"VCF_STATS","nf-9155d163021fccc204260bcfc85eebbf-f4116","spencer-trinh-asus-zenbook-14-ux3405ma-q415ma","2025-12-27T05:06:23Z","2025-12-27T05:06:25Z",2
"GATHER_COHORT_VCFS","nf-91ca14ce4ac4a8028d0b0a1cdf9ee08a-0fec8","spencer-trinh-asus-zenbook-14-ux3405ma-q415ma","2025-12-27T04:36:13Z","2025-12-27T04:36:18Z",5
"FUNCOTATOR","nf-922de417571b84474e06148903a3508c-10121","spencer-trinh-asus-zenbook-14-ux3405ma-q415ma","2025-12-27T05:02:23Z","2025-12-27T05:02:29Z",6
"FUNCOTATOR","nf-944c02b108f8aa448d71900b515dbae3-c7584","spencer-trinh-asus-zenbook-14-ux3405ma-q415ma","2025-12-27T05:01:33Z","2025-12-27T05:01:40Z",7
"GENOTYPE_GVCFS","nf-952d547d4480354af655a46edfc621e5-90a43","spencer-trinh-asus-zenbook-14-ux3405ma-q415ma","2025-12-27T04:26:03Z","2025-12-27T04:26:08Z",5
"GENOMICSDB_IMPORT","nf-96278e8a1c9f9b9a5eab36b286050c50-66a1b","spencer-trinh-asus-zenbook-14-ux3405ma-q415ma","2025-12-27T04:21:03Z","2025-12-27T04:21:07Z",4
"GATHER_COHORT_VCFS","nf-96aba0cc1ad4ed9c1674c5692b3c6bf8-193fa","spencer-trinh-asus-zenbook-14-ux3405ma-q415ma","2025-12-27T04:34:03Z","2025-12-27T04:34:08Z",5
"FUNCOTATOR","nf-9797cf054f22f8a34a81e785bc173bb0-c63ce","spencer-trinh-asus-zenbook-14-ux3405ma-q415ma","2025-12-27T05:03:43Z","2025-12-27T05:03:49Z",6
"HAPLOTYPE_CALLER","nf-98d815b49839312d07cc434e7f346e8b-7098c","spencer-trinh-asus-zenbook-14-ux3405ma-q415ma","2025-12-27T04:13:13Z","2025-12-27T04:13:18Z",5
"FUNCOTATOR","nf-99f857b8f85afe827c1d7b2e7f561a9b-d1e27","spencer-trinh-asus-zenbook-14-ux3405ma-q415ma","2025-12-27T04:58:03Z","2025-12-27T04:58:09Z",6
"GATHER_COHORT_VCFS","nf-9a976b2d6299dbf18fa28b5655789953-3fd56","spencer-trinh-asus-zenbook-14-ux3405ma-q415ma","2025-12-27T04:37:13Z","2025-12-27T04:37:18Z",5
"HARD_FILTER","nf-9ac54e0fd7f04e74da50d092e8edb171-63dde","spencer-trinh-asus-zenbook-14-ux3405ma-q415ma","2025-12-27T04:53:38Z","2025-12-27T04:53:53Z",15
"GENOTYPE_GVCFS","nf-9ae16f2d31fd5dc982f7807856e2a258-8ac9a","spencer-trinh-asus-zenbook-14-ux3405ma-q415ma","2025-12-27T04:31:03Z","2025-12-27T04:31:07Z",4
"VCF_STATS","nf-9bf23d41c1324d840ccd6849468eadfa-c4c76","spencer-trinh-asus-zenbook-14-ux3405ma-q415ma","2025-12-27T05:04:58Z","2025-12-27T05:05:00Z",2
"HARD_FILTER","nf-9ca4558b0732ec6253d28a3907de64b3-1c629","spencer-trinh-asus-zenbook-14-ux3405ma-q415ma","2025-12-27T04:50:48Z","2025-12-27T04:51:02Z",14
"GATHER_COHORT_VCFS","nf-9d5c112c411235b30cf0da2b251b80c8-c791f","spencer-trinh-asus-zenbook-14-ux3405ma-q415ma","2025-12-27T04:36:53Z","2025-12-27T04:36:58Z",5
"FUNCOTATOR","nf-9dbf2e99de9223ebd450e7eebe7d355e-725e4","spencer-trinh-asus-zenbook-14-ux3405ma-q415ma","2025-12-27T05:01:03Z","2025-12-27T05:01:09Z",6
"GATHER_COHORT_VCFS","nf-9dfd13931b7b80c06d77b72c1345234c-76270","spencer-trinh-asus-zenbook-14-ux3405ma-q415ma","2025-12-27T04:39:03Z","2025-12-27T04:39:08Z",5
"GENOTYPE_GVCFS","nf-9e0ea77733ae93880d93bd2b2aed101c-9ecb4","spencer-trinh-asus-zenbook-14-ux3405ma-q415ma","2025-12-27T04:30:28Z","2025-12-27T04:30:32Z",4
"HARD_FILTER","nf-9f06ebe66e5886673adebb07c4efb662-0f257","spencer-trinh-asus-zenbook-14-ux3405ma-q415ma","2025-12-27T04:54:18Z","2025-12-27T04:54:33Z",15
"GENOTYPE_GVCFS","nf-a013b05da574bc7a4247c4ff516b7b8a-aa2ff","spencer-trinh-asus-zenbook-14-ux3405ma-q415ma","2025-12-27T04:31:43Z","2025-12-27T04:31:47Z",4
"VCF_STATS","nf-a0649a05143ea3d5049230c571aeed17-9303f","spencer-trinh-asus-zenbook-14-ux3405ma-q415ma","2025-12-27T05:05:48Z","2025-12-27T05:05:50Z",2
"GATHER_COHORT_VCFS","nf-a09b6f20750f59233ab45ad478025567-ea936","spencer-trinh-asus-zenbook-14-ux3405ma-q415ma","2025-12-27T04:39:33Z","2025-12-27T04:39:38Z",5
"MARK_DUPLICATES","nf-a0a3059a415282ebba1ddebc22996de6-9710b","spencer-trinh-asus-zenbook-14-ux3405ma-q415ma","2025-12-27T04:10:43Z","2025-12-27T04:10:56Z",13
"GATHER_COHORT_VCFS","nf-a113d2cb479db7f7f98bad4ce1662f27-9588e","spencer-trinh-asus-zenbook-14-ux3405ma-q415ma","2025-12-27T04:34:33Z","2025-12-27T04:34:38Z",5
"GENOMICSDB_IMPORT","nf-a178454c20769b3cf54c527027e294b9-0e241","spencer-trinh-asus-zenbook-14-ux3405ma-q415ma","2025-12-27T04:23:33Z","2025-12-27T04:23:37Z",4
"HAPLOTYPE_CALLER","nf-a19a8f98777395d1150ee95c483b3500-90e17","spencer-trinh-asus-zenbook-14-ux3405ma-q415ma","2025-12-27T04:13:43Z","2025-12-27T04:13:48Z",5
"HAPLOTYPE_CALLER","nf-a1faee4be324f3d2dbe29c957f7a9d3d-ee1ad","spencer-trinh-asus-zenbook-14-ux3405ma-q415ma","2025-12-27T04:19:43Z","2025-12-27T04:19:48Z",5
"HARD_FILTER","nf-a1fc3ab2e6c861c154d5d67e41dd4fa5-5a5bd","spencer-trinh-asus-zenbook-14-ux3405ma-q415ma","2025-12-27T04:53:18Z","2025-12-27T04:53:32Z",14
"FUNCOTATOR","nf-a2f047848342728b2d699fd2a45bdeb2-dd07c","spencer-trinh-asus-zenbook-14-ux3405ma-q415ma","2025-12-27T04:58:53Z","2025-12-27T04:58:59Z",6
"GATHER_COHORT_VCFS","nf-a303c960a3321ad1d20cadb9e7a168d2-f90af","spencer-trinh-asus-zenbook-14-ux3405ma-q415ma","2025-12-27T04:33:43Z","2025-12-27T04:33:48Z",5
"GATHER_COHORT_VCFS","nf-a3b0315ea1110ad2681c2cf6afeafa35-40584","spencer-trinh-asus-zenbook-14-ux3405ma-q415ma","2025-12-27T04:34:23Z","2025-12-27T04:34:28Z",5
"GATHER_COHORT_VCFS","nf-a50d4bebd93bf8f05988afadd5797b81-133c5","spencer-trinh-asus-zenbook-14-ux3405ma-q415ma","2025-12-27T04:35:13Z","2025-12-27T04:35:18Z",5
"FUNCOTATOR","nf-a53940dcc5b05ad4326e1792fe309639-bee4a","spencer-trinh-asus-zenbook-14-ux3405ma-q415ma","2025-12-27T05:02:33Z","2025-12-27T05:02:40Z",7
"HARD_FILTER","nf-a5d3e5eef11fc775c9a691b1b707ccdd-cb112","spencer-trinh-asus-zenbook-14-ux3405ma-q415ma","2025-12-27T04:49:18Z","2025-12-27T04:49:32Z",14
"FUNCOTATOR","nf-a6c58f00d0ce6342e2e2246259417604-296ac","spencer-trinh-asus-zenbook-14-ux3405ma-q415ma","2025-12-27T05:00:33Z","2025-12-27T05:00:40Z",7
"HAPLOTYPE_CALLER","nf-a6d1fe952d6335c6a4121f9aa368c8f6-317f2","spencer-trinh-asus-zenbook-14-ux3405ma-q415ma","2025-12-27T04:19:13Z","2025-12-27T04:19:18Z",5
"GENOTYPE_GVCFS","nf-a72a4a723eb81e7926d156a5f362bc73-b0a0e","spencer-trinh-asus-zenbook-14-ux3405ma-q415ma","2025-12-27T04:29:18Z","2025-12-27T04:29:22Z",4
"GATHER_COHORT_VCFS","nf-a77388f497a9a7befefa9be652e70eb7-1df1d","spencer-trinh-asus-zenbook-14-ux3405ma-q415ma","2025-12-27T04:36:03Z","2025-12-27T04:36:08Z",5
"FUNCOTATOR","nf-a79c4bfd8a86bbff5aa6f749655e9b91-59ade","spencer-trinh-asus-zenbook-14-ux3405ma-q415ma","2025-12-27T05:03:53Z","2025-12-27T05:03:59Z",6
"GENOMICSDB_IMPORT","nf-a99074d3344ef25daf4a353d804daa99-06c2e","spencer-trinh-asus-zenbook-14-ux3405ma-q415ma","2025-12-27T04:22:23Z","2025-12-27T04:22:27Z",4
"HARD_FILTER","nf-a992da2a79827994c714403e1e33902c-bd1d8","spencer-trinh-asus-zenbook-14-ux3405ma-q415ma","2025-12-27T04:52:03Z","2025-12-27T04:52:18Z",15
"GENOMICSDB_IMPORT","nf-ab26ba50620520e09d9fa912da0d32f1-a32ba","spencer-trinh-asus-zenbook-14-ux3405ma-q415ma","2025-12-27T04:22:33Z","2025-12-27T04:22:37Z",4
"VCF_STATS","nf-abd6f43be545d0a2385fba6401b5859b-1b513","spencer-trinh-asus-zenbook-14-ux3405ma-q415ma","2025-12-27T05:07:43Z","2025-12-27T05:07:45Z",2
"GENOTYPE_GVCFS","nf-ad766a79d963f40c683d89874b4a606b-9afa6","spencer-trinh-asus-zenbook-14-ux3405ma-q415ma","2025-12-27T04:27:43Z","2025-12-27T04:27:47Z",4
"HAPLOTYPE_CALLER","nf-ad93419e023208f13adbe0532f393013-f42c1","spencer-trinh-asus-zenbook-14-ux3405ma-q415ma","2025-12-27T04:18:03Z","2025-12-27T04:18:08Z",5
"HARD_FILTER","nf-ae388bf2d210e6a4c1ab7fc479931576-06b0e","spencer-trinh-asus-zenbook-14-ux3405ma-q415ma","2025-12-27T04:46:03Z","2025-12-27T04:46:17Z",14
"GENOMICSDB_IMPORT","nf-af5e84faa432c698d3bd9ca0673601a8-6446f","spencer-trinh-asus-zenbook-14-ux3405ma-q415ma","2025-12-27T04:22:03Z","2025-12-27T04:22:07Z",4
"GENOMICSDB_IMPORT","nf-af8237dc747f578565b28ced434997ae-227b3","spencer-trinh-asus-zenbook-14-ux3405ma-q415ma","2025-12-27T04:20:58Z","2025-12-27T04:21:02Z",4
"GENOTYPE_GVCFS","nf-b2f32eff31c739eb511beb27ef044f2c-99a4c","spencer-trinh-asus-zenbook-14-ux3405ma-q415ma","2025-12-27T04:31:18Z","2025-12-27T04:31:22Z",4
"HAPLOTYPE_CALLER","nf-b329af69f2f85628fd7c85235a4226c9-0eadc","spencer-trinh-asus-zenbook-14-ux3405ma-q415ma","2025-12-27T04:15:53Z","2025-12-27T04:15:58Z",5
"VCF_STATS","nf-b3ffe36da47a8cde187f07cc4326a1a0-c1541","spencer-trinh-asus-zenbook-14-ux3405ma-q415ma","2025-12-27T05:05:53Z","2025-12-27T05:05:55Z",2
"VCF_STATS","nf-b460e33e40279a3e2bb7039ecd86f275-9d52d","spencer-trinh-asus-zenbook-14-ux3405ma-q415ma","2025-12-27T05:08:03Z","2025-12-27T05:08:05Z",2
"GENOMICSDB_IMPORT","nf-b510ae4312078fa59837705459758bff-c4ae5","spencer-trinh-asus-zenbook-14-ux3405ma-q415ma","2025-12-27T04:22:08Z","2025-12-27T04:22:12Z",4
"GATHER_COHORT_VCFS","nf-b56bf1aec55019debec0151e5dfeaf0c-7ea95","spencer-trinh-asus-zenbook-14-ux3405ma-q415ma","2025-12-27T04:32:13Z","2025-12-27T04:32:18Z",5
"HAPLOTYPE_CALLER","nf-b69080d3b61cda3f7853aed26c6f3939-b0b26","spencer-trinh-asus-zenbook-14-ux3405ma-q415ma","2025-12-27T04:13:23Z","2025-12-27T04:13:28Z",5
"GENOMICSDB_IMPORT","nf-b69d74bd56bfbdfd6b8fa92061cc3794-8de45","spencer-trinh-asus-zenbook-14-ux3405ma-q415ma","2025-12-27T04:24:33Z","2025-12-27T04:24:37Z",4
"GENOMICSDB_IMPORT","nf-b70b3731ca1dc5c0442a80589a3a0d91-d0b71","spencer-trinh-asus-zenbook-14-ux3405ma-q415ma","2025-12-27T04:22:18Z","2025-12-27T04:22:22Z",4
"HARD_FILTER","nf-b7933b66153888da55f3396631bb7747-40653","spencer-trinh-asus-zenbook-14-ux3405ma-q415ma","2025-12-27T04:56:13Z","2025-12-27T04:56:27Z",14
"VCF_STATS","nf-b88287b97df95e47a10cea75bf4ed406-ee0da","spencer-trinh-asus-zenbook-14-ux3405ma-q415ma","2025-12-27T05:07:13Z","2025-12-27T05:07:15Z",2
"HARD_FILTER","nf-b8f25fbd4b2048abc6869ffc873e3035-c9bd2","spencer-trinh-asus-zenbook-14-ux3405ma-q415ma","2025-12-27T04:54:38Z","2025-12-27T04:54:53Z",15
"VCF_STATS","nf-ba73a4c1fb3fcaca64c1208db881104b-b56fd","spencer-trinh-asus-zenbook-14-ux3405ma-q415ma","2025-12-27T05:06:53Z","2025-12-27T05:06:55Z",2
"HARD_FILTER","nf-bbe5a917907d619fab259ed9220b810d-4f554","spencer-trinh-asus-zenbook-14-ux3405ma-q415ma","2025-12-27T04:47:23Z","2025-12-27T04:47:38Z",15
"HAPLOTYPE_CALLER","nf-bbfbc05963b702c95c00969a0e3f25b7-62148","spencer-trinh-asus-zenbook-14-ux3405ma-q415ma","2025-12-27T04:17:53Z","2025-12-27T04:17:59Z",6
"FUNCOTATOR","nf-bc0cba032afbfd9fef2a69389c3ee53c-06215","spencer-trinh-asus-zenbook-14-ux3405ma-q415ma","2025-12-27T05:03:03Z","2025-12-27T05:03:09Z",6
"VCF_STATS","nf-bdbd968614935162337fa657e850ad7d-5df67","spencer-trinh-asus-zenbook-14-ux3405ma-q415ma","2025-12-27T05:05:58Z","2025-12-27T05:06:00Z",2
"FUNCOTATOR","nf-be6df4341e30a82c051585b6b8f3fc4b-7e15f","spencer-trinh-asus-zenbook-14-ux3405ma-q415ma","2025-12-27T05:01:53Z","2025-12-27T05:01:59Z",6
"GATHER_COHORT_VCFS","nf-be9b415ccaad866839920503f8551884-90315","spencer-trinh-asus-zenbook-14-ux3405ma-q415ma","2025-12-27T04:35:53Z","2025-12-27T04:35:58Z",5
"GATHER_COHORT_VCFS","nf-befefc35eb96dabcfdcd077d66b94585-9d9bc","spencer-trinh-asus-zenbook-14-ux3405ma-q415ma","2025-12-27T04:34:43Z","2025-12-27T04:34:48Z",5
"HAPLOTYPE_CALLER","nf-c1acd0ec825418b580047151530a45cb-4fcf5","spencer-trinh-asus-zenbook-14-ux3405ma-q415ma","2025-12-27T04:14:23Z","2025-12-27T04:14:28Z",5
"FUNCOTATOR","nf-c1f6e4be5bcea40c84ce4ff6fa00ebab-51517","spencer-trinh-asus-zenbook-14-ux3405ma-q415ma","2025-12-27T05:04:03Z","2025-12-27T05:04:09Z",6
"GENOTYPE_GVCFS","nf-c265dd365b5901dc4d616a43ccc82af2-f286d","spencer-trinh-asus-zenbook-14-ux3405ma-q415ma","2025-12-27T04:31:28Z","2025-12-27T04:31:32Z",4
"HAPLOTYPE_CALLER","nf-c32809a4267f5e7ea230bdfa7f63f615-b983c","spencer-trinh-asus-zenbook-14-ux3405ma-q415ma","2025-12-27T04:12:53Z","2025-12-27T04:12:57Z",4
"GENOMICSDB_IMPORT","nf-c3d4da458df651b4803b8e3109711699-7be7d","spencer-trinh-asus-zenbook-14-ux3405ma-q415ma","2025-12-27T04:24:58Z","2025-12-27T04:25:02Z",4
"HARD_FILTER","nf-c48c1c0d4bcbaee50057bfe0a7a2828a-79c98","spencer-trinh-asus-zenbook-14-ux3405ma-q415ma","2025-12-27T04:55:18Z","2025-12-27T04:55:32Z",14
"VCF_STATS","nf-c4972ca7d3e6067d6dbd48e0420dfeb3-0f714","spencer-trinh-asus-zenbook-14-ux3405ma-q415ma","2025-12-27T05:05:43Z","2025-12-27T05:05:45Z",2
"HAPLOTYPE_CALLER","nf-c558f099de71faa62291b783b05e8ee3-1e2c3","spencer-trinh-asus-zenbook-14-ux3405ma-q415ma","2025-12-27T04:14:58Z","2025-12-27T04:15:03Z",5
"GATHER_COHORT_VCFS","nf-c65be479c4413441b5d871e749543f46-8c31a","spencer-trinh-asus-zenbook-14-ux3405ma-q415ma","2025-12-27T04:35:33Z","2025-12-27T04:35:38Z",5
"GENOTYPE_GVCFS","nf-c6cdf73437d6950f520fcc6b61163aae-5682c","spencer-trinh-asus-zenbook-14-ux3405ma-q415ma","2025-12-27T04:29:23Z","2025-12-27T04:29:27Z",4
"HARD_FILTER","nf-c7c4e84f99266c6233dd2753918f8c1c-e381f","spencer-trinh-asus-zenbook-14-ux3405ma-q415ma","2025-12-27T04:48:58Z","2025-12-27T04:49:12Z",14
"GATHER_COHORT_VCFS","nf-c7f36a6717e5f228413915378f8dbc21-c1cc1","spencer-trinh-asus-zenbook-14-ux3405ma-q415ma","2025-12-27T04:40:23Z","2025-12-27T04:40:28Z",5
"HARD_FILTER","nf-c7f4d68e194d588c848104dba9dfa8f3-42c10","spencer-trinh-asus-zenbook-14-ux3405ma-q415ma","2025-12-27T04:43:08Z","2025-12-27T04:43:22Z",14
"FUNCOTATOR","nf-c86b1771ecea1c0baaf25a56df2d4027-9eba0","spencer-trinh-asus-zenbook-14-ux3405ma-q415ma","2025-12-27T04:57:53Z","2025-12-27T04:57:59Z",6
"GENOTYPE_GVCFS","nf-c8d408d46171462c593c8d60d899ea3c-a71fd","spencer-trinh-asus-zenbook-14-ux3405ma-q415ma","2025-12-27T04:29:03Z","2025-12-27T04:29:08Z",5
"GENOTYPE_GVCFS","nf-c9002638d838cc939425d9ea8d987b70-e651c","spencer-trinh-asus-zenbook-14-ux3405ma-q415ma","2025-12-27T04:28:58Z","2025-12-27T04:29:02Z",4
"GATHER_COHORT_VCFS","nf-ca0fee7eed9475f137a5a195941c6850-c40ab","spencer-trinh-asus-zenbook-14-ux3405ma-q415ma","2025-12-27T04:39:53Z","2025-12-27T04:39:58Z",5
"HAPLOTYPE_CALLER","nf-caed9bb15a1e7922b5b07e545f5ff209-04ce7","spencer-trinh-asus-zenbook-14-ux3405ma-q415ma","2025-12-27T04:17:43Z","2025-12-27T04:17:49Z",6
"GATHER_COHORT_VCFS","nf-cb697f9383118c7ae00e29f0cc261996-64bd3","spencer-trinh-asus-zenbook-14-ux3405ma-q415ma","2025-12-27T04:38:53Z","2025-12-27T04:38:58Z",5
"GATHER_COHORT_VCFS","nf-cbeb7a4b1f031ff575ccc0f889375075-bf4ab","spencer-trinh-asus-zenbook-14-ux3405ma-q415ma","2025-12-27T04:38:33Z","2025-12-27T04:38:38Z",5
"BASE_RECALIBRATOR","nf-cc9e4cecb0b3af2679933e8a9f709df9-2354b","spencer-trinh-asus-zenbook-14-ux3405ma-q415ma","2025-12-27T04:10:58Z","2025-12-27T04:11:05Z",7
"GENOMICSDB_IMPORT","nf-ccf11f3f7213bd1eed87c9fb0614e4aa-7e330","spencer-trinh-asus-zenbook-14-ux3405ma-q415ma","2025-12-27T04:21:58Z","2025-12-27T04:22:02Z",4
"GATHER_COHORT_VCFS","nf-cd4933afa276237490397acd4111711a-e4ec5","spencer-trinh-asus-zenbook-14-ux3405ma-q415ma","2025-12-27T04:33:23Z","2025-12-27T04:33:29Z",6
"GENOTYPE_GVCFS","nf-cd832b65a70ffd198a63d4c5f4599354-a87a9","spencer-trinh-asus-zenbook-14-ux3405ma-q415ma","2025-12-27T04:29:58Z","2025-12-27T04:30:02Z",4
"GENOTYPE_GVCFS","nf-cff7bebe799078aa35dd50b496927cf0-c74eb","spencer-trinh-asus-zenbook-14-ux3405ma-q415ma","2025-12-27T04:25:53Z","2025-12-27T04:25:57Z",4
"HAPLOTYPE_CALLER","nf-d0934bc5282496ce180782948ddd24e4-61c9f","spencer-trinh-asus-zenbook-14-ux3405ma-q415ma","2025-12-27T04:12:43Z","2025-12-27T04:12:47Z",4
"CREATE_INTERVALS","nf-d12b1d1d0c2532e920648e3fecbc6a09-3ec8e","spencer-trinh-asus-zenbook-14-ux3405ma-q415ma","2025-12-27T04:10:18Z","2025-12-27T04:10:21Z",3
"HARD_FILTER","nf-d1318d5f3ba4f855c66bacf2e9025e6f-0501e","spencer-trinh-asus-zenbook-14-ux3405ma-q415ma","2025-12-27T04:40:33Z","2025-12-27T04:40:47Z",14
"HARD_FILTER","nf-d1bf358eb8edfbf1756aa7f05f9808c9-23a1e","spencer-trinh-asus-zenbook-14-ux3405ma-q415ma","2025-12-27T04:55:53Z","2025-12-27T04:56:08Z",15
"GENOTYPE_GVCFS","nf-d25a08676d17a93467ec492769df68e0-29c0a","spencer-trinh-asus-zenbook-14-ux3405ma-q415ma","2025-12-27T04:27:13Z","2025-12-27T04:27:17Z",4
"FUNCOTATOR","nf-d3199842fefac4916104a75ef4c17192-f3d6a","spencer-trinh-asus-zenbook-14-ux3405ma-q415ma","2025-12-27T04:57:23Z","2025-12-27T04:57:29Z",6
"HAPLOTYPE_CALLER","nf-d3958639132cf966debada8d4cc39501-ddfe0","spencer-trinh-asus-zenbook-14-ux3405ma-q415ma","2025-12-27T04:19:23Z","2025-12-27T04:19:28Z",5
"HAPLOTYPE_CALLER","nf-d3b09d31df4b107f82f00f5bf5065e83-cd578","spencer-trinh-asus-zenbook-14-ux3405ma-q415ma","2025-12-27T04:19:53Z","2025-12-27T04:19:58Z",5
"HAPLOTYPE_CALLER","nf-d3c8adecb8b135d28e43c179f4c8dcbd-aad2a","spencer-trinh-asus-zenbook-14-ux3405ma-q415ma","2025-12-27T04:18:33Z","2025-12-27T04:18:38Z",5
"VCF_STATS","nf-d42858b2be9680d2e73ad85451ccbb10-60d92","spencer-trinh-asus-zenbook-14-ux3405ma-q415ma","2025-12-27T05:08:53Z","2025-12-27T05:08:55Z",2
"HAPLOTYPE_CALLER","nf-d5c27905415b3d9bd5bf0d5dbbc96a85-8dac5","spencer-trinh-asus-zenbook-14-ux3405ma-q415ma","2025-12-27T04:12:33Z","2025-12-27T04:12:37Z",4
"GATHER_COHORT_VCFS","nf-d653785fd180587e7e154a1033f72a03-3c4c0","spencer-trinh-asus-zenbook-14-ux3405ma-q415ma","2025-12-27T04:39:43Z","2025-12-27T04:39:48Z",5
"GENOTYPE_GVCFS","nf-d6d3e25be3b0a879689dd2bca16a29aa-36ae6","spencer-trinh-asus-zenbook-14-ux3405ma-q415ma","2025-12-27T04:29:28Z","2025-12-27T04:29:32Z",4
"HAPLOTYPE_CALLER","nf-d70214f08165a5480be78e511541c4fc-9b67f","spencer-trinh-asus-zenbook-14-ux3405ma-q415ma","2025-12-27T04:15:43Z","2025-12-27T04:15:49Z",6
"GATHER_COHORT_VCFS","nf-d71f7320529ab7a614523f81e358d5c8-0bd2c","spencer-trinh-asus-zenbook-14-ux3405ma-q415ma","2025-12-27T04:40:13Z","2025-12-27T04:40:18Z",5
"GENOMICSDB_IMPORT","nf-d79047c1ee8cb89934efba7f9633ca2e-b870a","spencer-trinh-asus-zenbook-14-ux3405ma-q415ma","2025-12-27T04:23:53Z","2025-12-27T04:23:57Z",4
"HARD_FILTER","nf-d7e7c1114f653c5833aef33999fc9f34-297ee","spencer-trinh-asus-zenbook-14-ux3405ma-q415ma","2025-12-27T04:46:43Z","2025-12-27T04:46:58Z",15
"GENOMICSDB_IMPORT","nf-d7fc6d776af4778901ddd7f52f9f1272-979e5","spencer-trinh-asus-zenbook-14-ux3405ma-q415ma","2025-12-27T04:23:28Z","2025-12-27T04:23:32Z",4
"VCF_STATS","nf-d846d0f96add59f9bffe79d7fbfaa8db-c3e1c","spencer-trinh-asus-zenbook-14-ux3405ma-q415ma","2025-12-27T05:07:28Z","2025-12-27T05:07:30Z",2
"GENOMICSDB_IMPORT","nf-d934db86d503000d40360aef4ecf639d-37b39","spencer-trinh-asus-zenbook-14-ux3405ma-q415ma","2025-12-27T04:22:13Z","2025-12-27T04:22:17Z",4
"GENOTYPE_GVCFS","nf-da2f47249a8dd7dbc4502001ece00f16-28a6c","spencer-trinh-asus-zenbook-14-ux3405ma-q415ma","2025-12-27T04:30:18Z","2025-12-27T04:30:22Z",4
"FUNCOTATOR","nf-dca5c44d604589811a10fff36e1c2527-bbf78","spencer-trinh-asus-zenbook-14-ux3405ma-q415ma","2025-12-27T05:04:23Z","2025-12-27T05:04:29Z",6
"GENOTYPE_GVCFS","nf-de3245b2afc3343f17afc7929ebd6b0a-e92cc","spencer-trinh-asus-zenbook-14-ux3405ma-q415ma","2025-12-27T04:29:48Z","2025-12-27T04:29:52Z",4
"GATHER_COHORT_VCFS","nf-de6d649e40e60567dbd45f91a1b64e38-b1542","spencer-trinh-asus-zenbook-14-ux3405ma-q415ma","2025-12-27T04:37:43Z","2025-12-27T04:37:48Z",5
"GATHER_COHORT_VCFS","nf-de755ec953405ba82a357764e671c486-09ed7","spencer-trinh-asus-zenbook-14-ux3405ma-q415ma","2025-12-27T04:32:53Z","2025-12-27T04:32:58Z",5
"GENOTYPE_GVCFS","nf-e19276b17a9a58bf4aea9c153a7510a1-7b5c9","spencer-trinh-asus-zenbook-14-ux3405ma-q415ma","2025-12-27T04:28:03Z","2025-12-27T04:28:07Z",4
"VCF_STATS","nf-e19df4c2aff603ff6a1f27be0279c972-52412","spencer-trinh-asus-zenbook-14-ux3405ma-q415ma","2025-12-27T05:06:03Z","2025-12-27T05:06:05Z",2
"GATHER_COHORT_VCFS","nf-e1e58d5248b6986b53302c90946ca210-2463c","spencer-trinh-asus-zenbook-14-ux3405ma-q415ma","2025-12-27T04:33:53Z","2025-12-27T04:33:58Z",5
"HARD_FILTER","nf-e2764494513b254c370e1e3cdb83ce4b-435da","spencer-trinh-asus-zenbook-14-ux3405ma-q415ma","2025-12-27T04:54:58Z","2025-12-27T04:55:13Z",15
"GATHER_COHORT_VCFS","nf-e3cdcb116887ed3d4ab5dd7a3c510011-1048e","spencer-trinh-asus-zenbook-14-ux3405ma-q415ma","2025-12-27T04:37:33Z","2025-12-27T04:37:38Z",5
"VCF_STATS","nf-e42b9bead275dbc8719b8fc92ffbcb6d-cf6af","spencer-trinh-asus-zenbook-14-ux3405ma-q415ma","2025-12-27T05:04:53Z","2025-12-27T05:04:55Z",2
"GATHER_COHORT_VCFS","nf-e576984f89f128f317c0e44ae4d0f88e-badb3","spencer-trinh-asus-zenbook-14-ux3405ma-q415ma","2025-12-27T04:36:43Z","2025-12-27T04:36:48Z",5
"GENOTYPE_GVCFS","nf-e771cb94a076f3c889941ece815a88e6-81c67","spencer-trinh-asus-zenbook-14-ux3405ma-q415ma","2025-12-27T04:30:53Z","2025-12-27T04:30:57Z",4
"GATHER_COHORT_VCFS","nf-e9607425731ef370ba893d932cdf5014-97cb7","spencer-trinh-asus-zenbook-14-ux3405ma-q415ma","2025-12-27T04:37:53Z","2025-12-27T04:37:58Z",5
"FUNCOTATOR","nf-ea00257930cccd9c0beb8eac2da368d3-a1132","spencer-trinh-asus-zenbook-14-ux3405ma-q415ma","2025-12-27T05:02:53Z","2025-12-27T05:02:59Z",6
"FUNCOTATOR","nf-eda52a4411b686cd5aff99c407a592dc-e48dd","spencer-trinh-asus-zenbook-14-ux3405ma-q415ma","2025-12-27T04:56:43Z","2025-12-27T04:56:49Z",6
"VCF_STATS","nf-ee23de7fd687b91f2042c261d623dc19-38d19","spencer-trinh-asus-zenbook-14-ux3405ma-q415ma","2025-12-27T05:07:38Z","2025-12-27T05:07:40Z",2
"HAPLOTYPE_CALLER","nf-ee83b5bcacf043a3211bab25234ed12d-0dfdd","spencer-trinh-asus-zenbook-14-ux3405ma-q415ma","2025-12-27T04:17:23Z","2025-12-27T04:17:28Z",5
"GENOTYPE_GVCFS","nf-f0a9965d170927f6f37fc5b927b9bc65-b93f4","spencer-trinh-asus-zenbook-14-ux3405ma-q415ma","2025-12-27T04:28:23Z","2025-12-27T04:28:27Z",4
"HARD_FILTER","nf-f1326b4d9591cbf5a8f97700ce6bc2a8-1f02b","spencer-trinh-asus-zenbook-14-ux3405ma-q415ma","2025-12-27T04:42:08Z","2025-12-27T04:42:23Z",15
"GENOMICSDB_IMPORT","nf-f15e177de4f2e08e647af334919898dd-6f3ce","spencer-trinh-asus-zenbook-14-ux3405ma-q415ma","2025-12-27T04:24:43Z","2025-12-27T04:24:47Z",4
"GENOTYPE_GVCFS","nf-f1debeaaaafbb8559da327759a3c9a5f-83db4","spencer-trinh-asus-zenbook-14-ux3405ma-q415ma","2025-12-27T04:29:13Z","2025-12-27T04:29:17Z",4
"FUNCOTATOR","nf-f342441314d5a2bf93c69aa9f73afbff-37b5d","spencer-trinh-asus-zenbook-14-ux3405ma-q415ma","2025-12-27T05:04:13Z","2025-12-27T05:04:19Z",6
"FUNCOTATOR","nf-f37a87b6e2a765446377bfaf51f798d1-703b5","spencer-trinh-asus-zenbook-14-ux3405ma-q415ma","2025-12-27T04:59:23Z","2025-12-27T04:59:29Z",6
"GATHER_COHORT_VCFS","nf-f3db990ab4926a26ebe214a3dcc0c5e8-8a4c9","spencer-trinh-asus-zenbook-14-ux3405ma-q415ma","2025-12-27T04:35:43Z","2025-12-27T04:35:48Z",5
"HARD_FILTER","nf-f5c93ea4d1e71e0488420ae02fbfbea1-90daa","spencer-trinh-asus-zenbook-14-ux3405ma-q415ma","2025-12-27T04:51:08Z","2025-12-27T04:51:23Z",15
"HARD_FILTER","nf-f6123a17f3900d0724da28a55bbc1f59-6b72a","spencer-trinh-asus-zenbook-14-ux3405ma-q415ma","2025-12-27T04:48:38Z","2025-12-27T04:48:53Z",15
"HAPLOTYPE_CALLER","nf-f623aaeebebc4c3307946d00f017c6f5-a210d","spencer-trinh-asus-zenbook-14-ux3405ma-q415ma","2025-12-27T04:18:53Z","2025-12-27T04:18:58Z",5
"GATHER_COHORT_VCFS","nf-f6de2b11a48685531bdc68c583f77a14-80d72","spencer-trinh-asus-zenbook-14-ux3405ma-q415ma","2025-12-27T04:39:23Z","2025-12-27T04:39:28Z",5
"HARD_FILTER","nf-f6fd7e86839ad410d328a467f67a2594-c820e","spencer-trinh-asus-zenbook-14-ux3405ma-q415ma","2025-12-27T04:48:03Z","2025-12-27T04:48:18Z",15
"HAPLOTYPE_CALLER","nf-f73b7d1b8e50235719931f3cf50a719a-1e0f4","spencer-trinh-asus-zenbook-14-ux3405ma-q415ma","2025-12-27T04:18:23Z","2025-12-27T04:18:28Z",5
"GENOMICSDB_IMPORT","nf-f833416194a0076ffb6057b041cf66b0-6bbcf","spencer-trinh-asus-zenbook-14-ux3405ma-q415ma","2025-12-27T04:24:23Z","2025-12-27T04:24:27Z",4
"GATHER_COHORT_VCFS","nf-f8513d4faf6a873ee50f1ae209b1c2a1-2fa15","spencer-trinh-asus-zenbook-14-ux3405ma-q415ma","2025-12-27T04:37:03Z","2025-12-27T04:37:08Z",5
"HAPLOTYPE_CALLER","nf-f8a35f249a969f2f7696b135e56f0c52-23685","spencer-trinh-asus-zenbook-14-ux3405ma-q415ma","2025-12-27T04:14:33Z","2025-12-27T04:14:39Z",6
"GENOTYPE_GVCFS","nf-f9d6a00d87879638d42d2a5e6565a9f3-780ca","spencer-trinh-asus-zenbook-14-ux3405ma-q415ma","2025-12-27T04:30:08Z","2025-12-27T04:30:12Z",4
"HARD_FILTER","nf-fa24e05757db4d82ea1a3b6ac5bf8714-592a1","spencer-trinh-asus-zenbook-14-ux3405ma-q415ma","2025-12-27T04:41:53Z","2025-12-27T04:42:07Z",14
"GENOMICSDB_IMPORT","nf-fa736bc1b1c0366c7aad63a9df370120-94eb9","spencer-trinh-asus-zenbook-14-ux3405ma-q415ma","2025-12-27T04:21:43Z","2025-12-27T04:21:47Z",4
"VCF_STATS","nf-fc7debf219cbefde09bced2029984143-169a4","spencer-trinh-asus-zenbook-14-ux3405ma-q415ma","2025-12-27T05:06:48Z","2025-12-27T05:06:50Z",2
"GATHER_COHORT_VCFS","nf-fc9b93ada04e9fb78d53307bccb3a90b-c7b97","spencer-trinh-asus-zenbook-14-ux3405ma-q415ma","2025-12-27T04:33:13Z","2025-12-27T04:33:18Z",5
"HARD_FILTER","nf-fd766cf86d4172d789ed3a6467bfa92a-3ef3a","spencer-trinh-asus-zenbook-14-ux3405ma-q415ma","2025-12-27T04:49:38Z","2025-12-27T04:49:52Z",14
"HAPLOTYPE_CALLER","nf-fe4164ce9a16a01a2ad7cb639741086c-04eca","spencer-trinh-asus-zenbook-14-ux3405ma-q415ma","2025-12-27T04:15:33Z","2025-12-27T04:15:38Z",5
